{"bias": 0.0077559975907206535, "fraction_of_zero_weights": 0.0, "loss": 0.3724232614040375, "_timestamp": 1692522633.2977898, "_runtime": 25.534658908843994, "_step": 19999, "_wandb": {"runtime": 27}}