{"bias": 0.024776162579655647, "fraction_of_zero_weights": 0.0, "loss": 0.4513282775878906, "_timestamp": 1692522538.3099236, "_runtime": 3.576371669769287, "_step": 199, "_wandb": {"runtime": 5}}