{"bias": -0.009323433972895145, "fraction_of_zero_weights": 0.0, "loss": 0.3132045269012451, "_timestamp": 1692522473.0111709, "_runtime": 3.8055367469787598, "_step": 1, "_wandb": {"runtime": 6}}