{"bias": 0.04248649254441261, "fraction_of_zero_weights": 0.0, "loss": 0.3296787142753601, "_timestamp": 1692522707.7621377, "_runtime": 22.664767742156982, "_step": 19999, "_wandb": {"runtime": 24}}