{"bias": 0.017275497317314148, "fraction_of_zero_weights": 0.0, "loss": 0.5566264390945435, "_timestamp": 1692603627.2528424, "_runtime": 4.6460864543914795, "_step": 49, "_wandb": {"runtime": 7}}